,year,team,week_1,win_pct_1,home_team_1,opp_1,opp_win_pct_1,result_1,pf_1,pa_1,yds_1,opp_yds_1,week_2,win_pct_2,home_team_2,opp_2,opp_win_pct_2,result_2,pf_2,pa_2,yds_2,opp_yds_2
0,2007.0,New York Jets,12.0,0.2,0.0,Dallas Cowboys,0.9,0.0,3.0,34.0,180.0,344.0,13.0,0.18181818181818182,0.0,Miami Dolphins,0.0,1.0,40.0,13.0,372.0,187.0
1,2007.0,Pittsburgh Steelers,16.0,0.6428571428571429,0.0,St. Louis Rams,0.21428571428571427,1.0,41.0,24.0,425.0,316.0,17.0,0.6666666666666666,0.0,Baltimore Ravens,0.26666666666666666,0.0,21.0,27.0,264.0,334.0
2,2007.0,Indianapolis Colts,12.0,0.8,0.0,Atlanta Falcons,0.3,1.0,31.0,13.0,365.0,250.0,13.0,0.8181818181818182,1.0,Jacksonville Jaguars,0.7272727272727273,1.0,28.0,25.0,342.0,411.0
3,2007.0,Houston Texans,15.0,0.46153846153846156,1.0,Denver Broncos,0.46153846153846156,1.0,31.0,13.0,358.0,308.0,16.0,0.5,0.0,Indianapolis Colts,0.8571428571428571,0.0,15.0,38.0,299.0,458.0
4,2007.0,Denver Broncos,15.0,0.46153846153846156,0.0,Houston Texans,0.46153846153846156,0.0,13.0,31.0,308.0,358.0,16.0,0.42857142857142855,0.0,San Diego Chargers,0.6428571428571429,0.0,3.0,23.0,225.0,334.0
5,2007.0,Washington Redskins,14.0,0.4166666666666667,1.0,Chicago Bears,0.4166666666666667,1.0,24.0,16.0,345.0,356.0,15.0,0.46153846153846156,0.0,New York Giants,0.6923076923076923,1.0,22.0,10.0,309.0,307.0
6,2007.0,Detroit Lions,12.0,0.6,1.0,Green Bay Packers,0.9,0.0,26.0,37.0,331.0,481.0,13.0,0.5454545454545454,0.0,Minnesota Vikings,0.45454545454545453,0.0,10.0,42.0,253.0,443.0
7,2007.0,Chicago Bears,14.0,0.4166666666666667,0.0,Washington Redskins,0.4166666666666667,0.0,16.0,24.0,356.0,345.0,15.0,0.38461538461538464,0.0,Minnesota Vikings,0.5384615384615384,0.0,13.0,20.0,209.0,372.0
8,2007.0,Atlanta Falcons,12.0,0.3,1.0,Indianapolis Colts,0.8,0.0,13.0,31.0,250.0,365.0,13.0,0.2727272727272727,0.0,St. Louis Rams,0.18181818181818182,0.0,16.0,28.0,435.0,409.0
